img_id,pipeline,caption_bytes,ssim,psnr,lpips,clip_i,clip_t_orig,cmsc,safe
05_02_0001,A_Baseline,38,8.945,9.557,0.798,57.422,21.875,20.508,False
05_02_0002,A_Baseline,123,7.587,8.9,0.829,63.281,28.32,20.508,False
05_02_0003,A_Baseline,399,5.492,9.489,0.8138,51.172,28.906,16.602,False
05_02_0004,A_Baseline,95,10.769,10.227,0.9023,57.031,19.238,23.145,False
05_02_0005,A_Baseline,95,9.562,10.375,0.9052,63.281,19.629,23.145,False
05_02_0006,A_Baseline,32,12.086,9.78,0.8265,51.562,15.82,16.602,False
05_02_0007,A_Baseline,95,8.153,8.841,0.8519,59.375,21.387,23.145,False
05_02_0008,A_Baseline,95,14.725,10.055,0.8884,60.547,20.117,23.145,False
05_02_0009,A_Baseline,56,12.927,8.944,0.9016,72.266,27.93,24.805,False
05_02_0010,A_Baseline,65,9.244,9.06,0.7846,69.141,21.875,22.559,False
05_02_0011,A_Baseline,96,8.064,8.992,0.8867,73.828,24.023,24.121,False
05_02_0012,A_Baseline,272,10.432,9.064,0.8999,57.812,19.824,19.922,False
05_02_0013,A_Baseline,69,9.732,11.412,0.7432,50.391,20.898,18.652,False
05_02_0014,A_Baseline,95,7.569,9.351,0.9031,56.641,19.922,23.145,False
05_02_0015,A_Baseline,36,7.259,9.238,0.8276,71.875,22.266,32.617,True
05_02_0016,A_Baseline,81,11.229,8.099,0.9118,58.594,23.145,23.535,False
05_02_0017,A_Baseline,169,13.045,9.12,0.8252,63.672,25.586,28.32,True
05_02_0018,A_Baseline,28,11.231,10.089,0.8686,65.234,18.652,18.945,False
05_02_0019,A_Baseline,181,11.783,10.746,0.9081,61.328,26.953,29.688,True
05_02_0020,A_Baseline,26,9.703,10.109,0.8294,71.484,15.82,21.289,False
05_02_0021,A_Baseline,95,9.822,8.52,0.8741,52.344,16.797,23.145,False
05_02_0022,A_Baseline,92,8.627,10.194,0.8925,67.188,22.852,23.828,False
05_02_0023,A_Baseline,95,17.066,9.779,0.8566,62.5,21.484,23.145,False
05_02_0024,A_Baseline,95,13.971,9.546,0.9008,53.906,18.262,23.145,False
05_02_0025,A_Baseline,95,11.164,10.02,0.9021,58.594,20.117,23.145,False
05_02_0026,A_Baseline,95,12.854,8.782,0.86,54.297,19.043,23.145,False
05_02_0027,A_Baseline,95,13.379,9.71,0.8744,58.203,19.434,23.145,False
05_02_0028,A_Baseline,95,13.937,10.07,0.8698,56.25,18.652,23.145,False
05_02_0029,A_Baseline,95,8.893,8.517,0.8746,63.672,21.582,23.145,False
05_02_0030,A_Baseline,75,8.761,10.014,0.8129,80.078,31.055,29.102,True
05_02_0031,A_Baseline,95,10.845,9.471,0.871,61.328,21.094,23.145,False
05_02_0032,A_Baseline,24,11.661,10.789,0.8616,65.234,12.891,16.895,False
05_02_0033,A_Baseline,24,8.544,10.613,0.8345,70.703,24.219,21.191,False
05_02_0034,A_Baseline,42,15.095,9.515,0.8932,62.5,23.438,24.121,False
05_02_0035,A_Baseline,95,14.367,9.432,0.8911,60.156,23.633,23.145,False
05_02_0036,A_Baseline,95,12.132,10.288,0.8896,59.766,19.824,23.145,False
1,A_Baseline,95,32.049,9.174,0.8619,60.547,17.09,23.145,False
10,A_Baseline,95,30.065,10.021,0.7782,60.938,15.137,23.145,False
100,A_Baseline,95,29.808,8.992,0.8176,58.984,13.574,23.145,False
101,A_Baseline,103,30.587,10.534,0.6646,71.484,25.586,26.562,False
102,A_Baseline,146,29.169,10.117,0.7482,52.344,21.191,26.367,False
103,A_Baseline,95,19.846,7.625,0.925,62.891,18.359,23.145,False
104,A_Baseline,95,10.76,6.793,0.8396,49.414,10.449,23.145,False
106,A_Baseline,57,18.067,7.082,0.8256,57.031,21.875,23.438,False
107,A_Baseline,95,24.496,8.325,0.7511,64.453,20.41,23.145,False
11,A_Baseline,136,11.878,10.812,0.8311,94.141,23.535,25.0,False
110,A_Baseline,23,18.532,8.617,0.8263,82.812,21.68,20.801,False
111,A_Baseline,58,18.502,7.632,0.8036,75.0,23.535,22.949,False
112,A_Baseline,78,18.799,7.402,0.7373,52.344,16.602,21.582,False
113,A_Baseline,95,28.619,10.175,0.8304,60.547,19.727,23.145,False
114,A_Baseline,54,28.19,8.999,0.7579,68.359,25.781,23.828,False
115,A_Baseline,95,31.273,9.609,0.8389,53.125,19.824,23.145,False
116,A_Baseline,31,24.844,8.72,0.8216,73.828,25.391,25.195,False
117,A_Baseline,95,30.071,10.018,0.7406,52.344,12.158,23.145,False
118,A_Baseline,46,19.348,5.947,0.7718,86.328,23.535,26.367,False
12,A_Baseline,22,31.115,10.705,0.8264,49.609,24.023,19.141,False
120,A_Baseline,95,29.583,9.942,0.8175,57.031,16.211,23.145,False
121,A_Baseline,78,27.759,9.331,0.8055,59.375,24.219,24.219,False
122,A_Baseline,58,22.308,8.666,0.822,86.328,25.195,25.586,False
123,A_Baseline,70,18.83,9.507,0.9174,78.906,27.539,28.125,True
124,A_Baseline,95,26.027,9.374,0.7408,54.688,18.066,23.145,False
125,A_Baseline,74,21.437,8.566,0.7715,81.25,24.609,25.0,False
13,A_Baseline,58,23.274,8.911,0.8759,80.469,25.391,24.512,False
14,A_Baseline,78,23.371,9.056,0.8604,81.641,26.367,25.391,False
15,A_Baseline,40,24.354,10.783,0.8375,87.891,21.973,27.344,False
17,A_Baseline,27,35.72,9.304,0.9174,73.438,17.871,20.117,False
18,A_Baseline,35,36.967,9.876,0.7813,90.234,24.902,26.367,False
20,A_Baseline,57,22.001,8.2,0.9704,68.75,21.777,25.391,False
21,A_Baseline,71,26.234,9.094,0.764,83.984,25.391,29.688,True
22,A_Baseline,66,28.611,11.499,0.8712,80.078,22.461,25.0,False
23,A_Baseline,172,42.109,9.749,0.7318,88.281,25.0,27.148,False
24,A_Baseline,95,24.853,7.85,0.9547,55.859,15.137,23.145,False
25,A_Baseline,36,22.463,8.511,0.9479,87.891,24.609,26.953,False
26,A_Baseline,95,30.463,8.601,0.826,46.484,11.621,23.145,False
27,A_Baseline,119,29.012,10.3,0.8887,72.656,26.172,28.516,True
29,A_Baseline,58,11.458,10.317,0.7274,85.156,25.781,25.781,False
3,A_Baseline,157,32.074,10.355,0.9102,76.562,17.676,29.102,True
30,A_Baseline,57,21.798,10.314,0.8186,89.062,25.391,23.535,False
31,A_Baseline,95,8.32,6.702,0.942,63.281,14.258,23.145,False
32,A_Baseline,60,22.458,9.242,0.9597,65.625,23.633,28.711,True
33,A_Baseline,95,26.048,8.308,0.8777,62.891,13.379,23.145,False
34,A_Baseline,98,27.236,9.153,0.8819,78.516,24.512,28.906,True
35,A_Baseline,137,35.463,10.225,0.8237,75.781,22.559,28.906,True
36,A_Baseline,35,37.822,12.084,0.7468,84.375,24.707,27.93,False
37,A_Baseline,49,16.641,10.932,0.7392,89.062,25.391,25.586,False
38,A_Baseline,95,7.923,7.068,0.8714,62.5,13.77,23.145,False
39,A_Baseline,47,21.241,8.889,0.9235,70.703,18.457,26.367,False
40,A_Baseline,95,24.365,8.603,0.9018,59.375,14.16,23.145,False
42,A_Baseline,95,7.923,7.068,0.8714,62.5,13.77,23.145,False
44,A_Baseline,34,18.726,10.543,0.8475,85.156,26.172,25.977,False
45,A_Baseline,76,16.905,9.479,0.893,76.562,25.391,28.125,True
46,A_Baseline,95,30.011,11.908,0.8378,92.188,26.758,27.344,False
47,A_Baseline,52,21.252,10.278,0.9157,83.984,22.754,26.172,False
48,A_Baseline,95,26.111,8.054,0.8852,57.031,15.723,23.145,False
49,A_Baseline,95,18.371,9.176,0.765,59.375,12.598,23.145,False
50,A_Baseline,122,18.006,8.625,0.8749,69.922,22.559,26.172,False
52,A_Baseline,95,12.444,7.721,0.8729,66.797,18.262,23.145,False
53,A_Baseline,95,30.635,11.78,0.8152,58.984,13.086,23.145,False
54,A_Baseline,171,37.908,12.821,0.7716,86.328,30.859,26.562,False
55,A_Baseline,95,33.885,10.575,0.7824,58.984,14.062,23.145,False
56,A_Baseline,58,20.546,12.201,0.7894,76.562,26.172,32.422,True
57,A_Baseline,81,23.779,9.317,0.8495,85.938,25.781,26.562,False
59,A_Baseline,101,30.878,8.072,0.947,82.031,24.805,23.828,False
6,A_Baseline,50,22.905,9.727,0.8757,68.359,22.852,24.609,False
61,A_Baseline,67,21.053,8.495,0.853,77.344,26.172,27.93,False
62,A_Baseline,95,13.476,8.482,0.8352,66.406,14.844,23.145,False
64,A_Baseline,91,15.846,9.314,0.8613,72.656,24.023,26.562,False
65,A_Baseline,59,17.604,8.598,0.8728,75.781,25.195,25.586,False
66,A_Baseline,128,15.15,7.942,0.8909,72.266,25.391,26.953,False
67,A_Baseline,32,17.13,9.596,0.9073,80.078,23.633,28.32,True
68,A_Baseline,25,28.58,9.039,0.9397,75.0,23.73,25.0,False
69,A_Baseline,54,21.857,9.35,0.8741,85.156,26.172,25.977,False
7,A_Baseline,95,11.612,7.654,0.9036,60.547,15.332,23.145,False
70,A_Baseline,228,22.988,8.066,0.8911,83.984,26.172,25.977,False
72,A_Baseline,24,28.501,11.988,0.7813,77.734,23.145,24.609,False
73,A_Baseline,95,18.371,9.176,0.765,59.375,12.598,23.145,False
74,A_Baseline,112,19.74,9.916,0.8576,83.594,27.539,28.125,True
75,A_Baseline,71,21.145,8.915,0.8779,76.172,21.777,29.883,True
76,A_Baseline,95,32.87,10.459,0.8705,56.641,12.402,23.145,False
77,A_Baseline,95,18.681,7.668,0.8858,56.641,15.039,23.145,False
78,A_Baseline,122,14.118,8.984,0.9364,77.734,23.926,32.227,True
8,A_Baseline,99,28.887,13.477,0.7329,91.406,26.758,28.125,True
80,A_Baseline,95,31.599,10.179,0.7931,61.719,15.82,23.145,False
82,A_Baseline,95,17.151,9.461,0.8305,62.109,13.77,23.145,False
84,A_Baseline,30,22.77,7.938,0.9599,76.562,23.242,25.391,False
85,A_Baseline,95,20.002,9.043,0.7754,61.719,15.625,23.145,False
86,A_Baseline,95,15.823,7.193,0.9523,62.109,14.16,23.145,False
87,A_Baseline,20,12.36,9.804,0.8249,85.156,18.945,23.438,False
88,A_Baseline,32,33.423,9.637,0.7874,84.375,22.559,24.316,False
9,A_Baseline,95,22.553,7.376,0.8221,58.203,17.676,23.145,False
92,A_Baseline,45,24.54,8.599,0.8544,85.156,25.391,23.633,False
93,A_Baseline,63,25.249,9.564,0.8497,86.328,22.559,26.953,False
95,A_Baseline,87,22.68,9.826,0.8047,91.406,26.953,22.559,False
96,A_Baseline,111,21.047,11.87,0.8464,82.422,21.973,24.023,False
97,A_Baseline,68,23.408,8.318,0.8747,87.891,26.562,24.805,False
99,A_Baseline,95,23.076,8.449,0.9374,56.641,12.793,23.145,False
w_1,A_Baseline,95,24.387,11.559,0.7084,48.633,12.402,23.145,False
w_10,A_Baseline,95,21.658,7.592,0.7414,51.562,15.43,23.145,False
w_100,A_Baseline,28,16.389,7.609,0.7615,56.25,19.141,26.562,False
w_11,A_Baseline,79,40.229,11.93,0.6229,72.656,25.0,26.172,False
w_12,A_Baseline,95,18.291,7.895,0.782,57.422,16.113,23.145,False
w_13,A_Baseline,134,26.147,9.232,0.7497,67.969,27.344,29.492,True
w_14,A_Baseline,95,28.086,10.309,0.7743,41.406,13.379,23.145,False
w_15,A_Baseline,500,38.182,11.915,0.7531,59.375,22.07,24.316,False
w_16,A_Baseline,95,10.843,8.283,0.8427,40.82,16.309,23.145,False
w_17,A_Baseline,101,27.002,11.473,0.7663,75.781,24.707,26.758,False
w_18,A_Baseline,58,22.935,10.339,0.754,71.094,25.391,19.141,False
w_19,A_Baseline,25,15.453,8.942,0.9138,76.172,20.312,23.828,False
w_2,A_Baseline,61,25.492,8.848,0.7544,48.633,18.652,26.758,False
w_20,A_Baseline,57,25.506,8.734,0.7941,64.453,30.859,29.102,True
w_21,A_Baseline,95,24.905,10.336,0.672,59.375,19.434,23.145,False
w_22,A_Baseline,26,18.833,9.752,0.843,74.609,23.633,23.047,False
w_23,A_Baseline,95,14.777,9.972,0.8682,53.516,16.699,23.145,False
w_24,A_Baseline,60,29.358,10.963,0.8215,60.156,24.219,23.438,False
w_25,A_Baseline,73,15.981,9.507,0.9246,76.172,23.438,25.977,False
w_26,A_Baseline,57,24.682,9.301,0.7077,80.078,25.0,21.777,False
w_27,A_Baseline,95,34.821,10.492,0.7384,43.75,15.723,23.145,False
w_28,A_Baseline,95,26.376,7.879,0.7929,52.734,17.188,23.145,False
w_29,A_Baseline,46,17.986,8.261,0.6948,67.578,18.652,21.68,False
w_3,A_Baseline,27,13.144,8.856,0.7571,50.781,24.414,14.551,False
w_30,A_Baseline,34,31.811,7.407,0.8109,59.375,19.922,23.145,False
w_31,A_Baseline,95,27.235,11.227,0.8777,55.078,15.527,23.145,False
w_32,A_Baseline,56,42.74,10.044,0.676,60.156,29.492,25.391,False
w_33,A_Baseline,95,19.937,11.101,0.8808,40.43,16.309,23.145,False
w_34,A_Baseline,95,15.484,9.003,0.7686,53.125,15.625,23.145,False
w_35,A_Baseline,64,18.588,8.992,0.8721,72.266,23.926,23.242,False
w_36,A_Baseline,137,12.333,10.434,0.9014,71.484,20.605,22.168,False
w_37,A_Baseline,95,17.878,9.373,0.9304,46.289,15.234,23.145,False
w_38,A_Baseline,95,16.895,7.276,0.784,53.906,14.746,23.145,False
w_39,A_Baseline,95,27.882,10.066,0.7481,48.047,12.891,23.145,False
w_4,A_Baseline,500,18.068,9.235,0.7551,64.453,25.586,27.734,False
w_40,A_Baseline,95,26.129,8.446,0.7591,42.773,14.355,23.145,False
w_41,A_Baseline,33,25.966,8.17,0.7376,83.594,24.805,22.266,False
w_42,A_Baseline,95,10.882,8.047,0.7572,49.219,17.578,23.145,False
w_43,A_Baseline,103,12.316,8.668,0.8509,91.797,28.125,26.367,False
w_44,A_Baseline,500,20.232,10.051,0.6858,82.422,28.711,27.734,False
w_45,A_Baseline,95,21.533,11.695,0.7122,45.117,15.723,23.145,False
w_46,A_Baseline,37,15.1,9.91,0.828,73.438,20.605,24.316,False
w_47,A_Baseline,29,22.803,10.882,0.8286,57.031,25.391,22.949,False
w_48,A_Baseline,82,31.075,11.19,0.7273,75.781,27.734,28.906,True
w_49,A_Baseline,125,29.937,10.336,0.7623,66.016,23.242,27.148,False
w_5,A_Baseline,95,29.471,6.602,0.8101,48.047,15.527,23.145,False
w_50,A_Baseline,59,17.765,8.094,0.8193,58.594,18.164,25.195,False
w_51,A_Baseline,500,31.307,10.881,0.7911,58.203,19.629,18.848,False
w_52,A_Baseline,488,25.575,7.191,0.828,44.531,23.145,27.539,False
w_53,A_Baseline,71,19.402,9.721,0.7128,80.469,27.734,27.344,False
w_54,A_Baseline,95,16.856,7.768,0.8066,49.414,11.816,23.145,False
w_55,A_Baseline,95,27.683,8.42,0.7347,54.297,21.484,23.145,False
w_56,A_Baseline,37,16.649,8.003,0.8551,78.125,27.93,30.078,True
w_57,A_Baseline,55,38.732,10.13,0.7709,45.117,19.238,23.34,False
w_58,A_Baseline,69,36.71,11.177,0.8167,66.797,20.605,25.0,False
w_59,A_Baseline,45,7.316,8.731,0.8449,65.234,24.023,28.32,True
w_6,A_Baseline,70,24.491,9.656,0.7415,43.555,25.195,22.461,False
w_60,A_Baseline,95,27.594,9.217,0.6934,57.031,21.777,23.145,False
w_61,A_Baseline,95,16.66,9.127,0.7871,50.391,16.309,23.145,False
w_62,A_Baseline,133,21.299,10.712,0.721,78.516,25.195,25.977,False
w_63,A_Baseline,95,16.442,9.153,0.7636,60.547,20.02,23.145,False
w_64,A_Baseline,53,14.943,11.378,0.6936,61.719,22.168,28.125,True
w_65,A_Baseline,95,23.621,10.248,0.7571,42.969,14.258,23.145,False
w_66,A_Baseline,258,21.526,9.883,0.7206,42.383,22.656,32.422,True
w_67,A_Baseline,95,16.614,10.804,0.7854,50.0,15.43,23.145,False
w_68,A_Baseline,38,12.978,8.477,0.7832,58.984,20.996,19.922,False
w_69,A_Baseline,38,16.172,10.747,0.9055,79.297,25.391,24.902,False
w_7,A_Baseline,53,32.824,10.809,0.7529,53.125,19.824,23.926,False
w_70,A_Baseline,95,26.764,10.92,0.7001,51.172,17.383,23.145,False
w_71,A_Baseline,95,28.308,10.109,0.7982,51.562,19.141,23.145,False
w_72,A_Baseline,58,13.827,11.55,0.7872,69.531,24.805,25.586,False
w_73,A_Baseline,95,23.806,10.173,0.7191,40.039,17.578,23.145,False
w_74,A_Baseline,95,23.551,11.728,0.7544,52.344,13.77,23.145,False
w_75,A_Baseline,95,18.811,6.551,0.8207,54.688,18.75,23.145,False
w_76,A_Baseline,33,36.005,9.688,0.8535,80.469,27.148,27.148,False
w_77,A_Baseline,26,12.205,9.904,0.7378,60.938,22.363,19.336,False
w_78,A_Baseline,232,11.115,9.556,0.7587,54.297,16.406,19.922,False
w_79,A_Baseline,47,18.26,10.395,0.7697,69.141,25.195,26.953,False
w_8,A_Baseline,54,9.669,8.416,0.8127,85.547,32.031,28.32,True
w_80,A_Baseline,95,13.961,9.823,0.7212,58.984,17.773,23.145,False
w_81,A_Baseline,95,13.961,9.823,0.7212,58.984,17.773,23.145,False
w_82,A_Baseline,275,11.685,7.343,0.7863,55.078,28.32,32.422,True
w_83,A_Baseline,95,26.972,8.375,0.7811,50.391,14.941,23.145,False
w_84,A_Baseline,95,16.852,9.161,0.7691,55.469,18.75,23.145,False
w_85,A_Baseline,72,18.49,8.175,0.7297,53.125,21.289,20.996,False
w_86,A_Baseline,116,21.97,10.55,0.7324,64.062,18.75,20.41,False
w_87,A_Baseline,23,14.069,7.343,0.8392,76.562,20.996,25.0,False
w_88,A_Baseline,44,23.706,8.569,0.7467,67.188,22.168,28.32,True
w_89,A_Baseline,95,31.578,10.466,0.7931,47.07,15.527,23.145,False
w_9,A_Baseline,95,24.466,10.476,0.7215,58.203,20.215,23.145,False
w_90,A_Baseline,36,24.763,11.058,0.7584,88.281,29.492,25.391,False
w_91,A_Baseline,39,15.093,8.958,0.7389,56.25,25.977,24.219,False
w_92,A_Baseline,95,36.025,10.52,0.8083,45.508,16.211,23.145,False
w_93,A_Baseline,52,12.974,8.078,0.7306,55.859,22.461,29.492,True
w_94,A_Baseline,53,14.489,9.038,0.7836,67.969,29.102,29.102,True
w_95,A_Baseline,95,35.038,8.67,0.7475,50.391,13.965,23.145,False
w_96,A_Baseline,95,18.942,9.784,0.7257,50.781,15.43,23.145,False
w_97,A_Baseline,95,38.848,9.372,0.7564,50.781,15.43,23.145,False
w_98,A_Baseline,95,29.914,10.405,0.7694,35.742,13.281,23.145,False
w_99,A_Baseline,62,18.956,11.537,0.7134,66.406,17.871,25.586,False
05_02_0001,B_LLaVA_SDXL,500,10.568,10.069,0.798,61.328,20.41,27.148,False
05_02_0002,B_LLaVA_SDXL,500,10.847,10.701,0.7958,71.094,25.195,28.711,True
05_02_0003,B_LLaVA_SDXL,499,9.711,10.097,0.8731,64.453,24.609,26.367,False
05_02_0004,B_LLaVA_SDXL,500,9.244,9.97,0.8763,63.281,20.215,27.93,False
05_02_0005,B_LLaVA_SDXL,500,8.909,9.793,0.8349,64.453,22.852,27.734,False
05_02_0006,B_LLaVA_SDXL,500,16.153,11.706,0.8001,66.016,22.656,22.461,False
05_02_0007,B_LLaVA_SDXL,500,6.664,8.806,0.8259,65.625,24.316,30.664,True
05_02_0008,B_LLaVA_SDXL,500,13.631,11.759,0.8563,60.156,23.535,29.102,True
05_02_0009,B_LLaVA_SDXL,499,13.041,8.798,0.9149,61.719,30.859,29.883,True
05_02_0010,B_LLaVA_SDXL,500,8.935,9.193,0.7734,61.719,22.852,26.758,False
05_02_0011,B_LLaVA_SDXL,500,9.244,9.581,0.8806,61.328,24.707,26.172,False
05_02_0012,B_LLaVA_SDXL,500,10.487,9.36,0.8127,55.078,21.582,27.148,False
05_02_0013,B_LLaVA_SDXL,500,15.772,10.485,0.8644,68.359,27.93,30.469,True
05_02_0014,B_LLaVA_SDXL,500,7.288,9.996,0.8668,69.922,25.977,27.539,False
05_02_0015,B_LLaVA_SDXL,500,9.567,10.217,0.8645,57.422,20.801,29.102,True
05_02_0016,B_LLaVA_SDXL,495,18.35,10.506,0.8029,60.547,22.852,24.902,False
05_02_0017,B_LLaVA_SDXL,466,13.364,8.551,0.8124,71.875,26.758,29.492,True
05_02_0018,B_LLaVA_SDXL,500,13.026,10.749,0.8877,52.344,25.0,27.734,False
05_02_0019,B_LLaVA_SDXL,500,14.551,11.193,0.8647,62.5,23.242,29.297,True
05_02_0020,B_LLaVA_SDXL,499,11.105,10.819,0.8565,62.109,24.023,24.707,False
05_02_0021,B_LLaVA_SDXL,500,10.072,9.009,0.8562,64.844,25.391,28.32,True
05_02_0022,B_LLaVA_SDXL,500,9.419,10.213,0.8853,69.141,21.973,31.641,True
05_02_0023,B_LLaVA_SDXL,500,14.95,10.103,0.8612,64.844,24.707,24.414,False
05_02_0024,B_LLaVA_SDXL,500,13.887,10.161,0.9157,53.125,17.285,26.562,False
05_02_0025,B_LLaVA_SDXL,500,10.997,10.765,0.8101,67.188,25.586,24.512,False
05_02_0026,B_LLaVA_SDXL,500,9.612,8.814,0.8144,57.031,12.158,25.586,False
05_02_0027,B_LLaVA_SDXL,500,15.435,10.601,0.868,68.359,24.316,25.195,False
05_02_0028,B_LLaVA_SDXL,500,13.931,10.236,0.8561,72.266,22.266,24.707,False
05_02_0029,B_LLaVA_SDXL,500,7.763,8.837,0.8727,69.531,20.215,31.25,True
05_02_0030,B_LLaVA_SDXL,500,7.975,9.04,0.7987,65.234,22.363,26.758,False
05_02_0031,B_LLaVA_SDXL,500,10.936,9.739,0.8658,63.281,28.516,27.93,False
05_02_0032,B_LLaVA_SDXL,499,13.81,10.28,0.8374,64.844,26.562,26.758,False
05_02_0033,B_LLaVA_SDXL,500,9.681,10.856,0.8462,64.844,24.316,26.367,False
05_02_0034,B_LLaVA_SDXL,500,16.111,10.75,0.8642,61.328,21.777,30.859,True
05_02_0035,B_LLaVA_SDXL,499,14.036,10.537,0.8557,62.891,25.586,30.859,True
05_02_0036,B_LLaVA_SDXL,500,11.399,10.729,0.8331,64.453,22.949,24.219,False
1,B_LLaVA_SDXL,500,34.427,9.55,0.821,83.203,22.363,25.195,False
10,B_LLaVA_SDXL,500,27.186,9.567,0.7992,87.5,24.316,27.734,False
100,B_LLaVA_SDXL,500,35.993,9.45,0.7413,71.875,22.852,28.906,True
101,B_LLaVA_SDXL,499,32.905,10.456,0.7347,57.812,27.148,30.078,True
102,B_LLaVA_SDXL,500,35.045,10.776,0.7664,43.359,15.625,25.586,False
103,B_LLaVA_SDXL,481,22.874,8.851,0.9166,82.812,24.219,28.906,True
104,B_LLaVA_SDXL,499,12.972,8.0,0.7933,56.641,21.875,26.367,False
106,B_LLaVA_SDXL,500,25.588,8.543,0.8302,63.672,20.215,29.688,True
107,B_LLaVA_SDXL,500,22.148,7.897,0.7427,77.344,28.516,26.367,False
11,B_LLaVA_SDXL,500,12.092,10.012,0.8536,68.75,23.438,28.125,True
110,B_LLaVA_SDXL,500,27.522,8.948,0.7727,71.875,22.168,28.125,True
111,B_LLaVA_SDXL,500,23.353,8.067,0.812,65.625,22.656,25.195,False
112,B_LLaVA_SDXL,500,34.113,9.592,0.6852,69.531,22.949,28.516,True
113,B_LLaVA_SDXL,500,30.376,10.546,0.8533,60.938,22.363,27.93,False
114,B_LLaVA_SDXL,500,31.82,9.569,0.7373,90.234,26.172,25.977,False
115,B_LLaVA_SDXL,500,31.837,10.152,0.7906,62.109,24.219,26.367,False
116,B_LLaVA_SDXL,500,25.514,8.86,0.7961,74.219,24.512,26.172,False
117,B_LLaVA_SDXL,490,26.853,9.399,0.7803,60.156,25.977,31.641,True
118,B_LLaVA_SDXL,448,20.626,6.408,0.8086,89.062,25.391,27.148,False
12,B_LLaVA_SDXL,498,28.809,9.768,0.8727,71.875,24.902,31.25,True
120,B_LLaVA_SDXL,500,33.567,10.366,0.8626,78.906,22.949,26.367,False
121,B_LLaVA_SDXL,499,21.727,8.309,0.8845,55.078,23.828,30.664,True
122,B_LLaVA_SDXL,499,23.614,8.833,0.8307,75.391,23.828,27.344,False
123,B_LLaVA_SDXL,500,24.025,9.603,0.9404,70.312,24.219,29.102,True
124,B_LLaVA_SDXL,500,26.702,9.838,0.7451,78.125,26.367,30.078,True
125,B_LLaVA_SDXL,500,29.511,9.153,0.7284,71.484,24.414,37.305,True
13,B_LLaVA_SDXL,460,24.944,8.34,0.8975,87.109,24.805,28.906,True
14,B_LLaVA_SDXL,453,21.536,7.643,0.9531,82.812,24.902,31.25,True
15,B_LLaVA_SDXL,468,34.523,11.691,0.8012,90.625,23.926,26.953,False
17,B_LLaVA_SDXL,500,32.808,8.974,0.9098,82.422,23.438,24.316,False
18,B_LLaVA_SDXL,500,32.335,8.789,0.8214,77.344,23.047,28.906,True
20,B_LLaVA_SDXL,499,25.847,8.174,0.9923,74.219,25.391,30.273,True
21,B_LLaVA_SDXL,500,27.186,9.567,0.7992,87.5,24.316,27.734,False
22,B_LLaVA_SDXL,500,33.577,10.258,0.8937,76.172,24.609,25.977,False
23,B_LLaVA_SDXL,500,37.599,9.603,0.8064,86.328,23.145,23.73,False
24,B_LLaVA_SDXL,500,30.973,8.752,0.9618,79.688,27.93,26.953,False
25,B_LLaVA_SDXL,500,37.411,10.281,0.8297,88.281,23.633,26.953,False
26,B_LLaVA_SDXL,499,37.104,9.299,0.7826,67.188,27.539,33.594,True
27,B_LLaVA_SDXL,455,35.879,11.205,0.83,66.797,24.609,26.172,False
29,B_LLaVA_SDXL,500,9.464,7.925,0.8047,87.109,27.344,27.734,False
3,B_LLaVA_SDXL,475,30.948,11.751,0.8431,86.719,25.586,28.125,True
30,B_LLaVA_SDXL,500,24.88,10.408,0.819,86.328,26.562,28.32,True
31,B_LLaVA_SDXL,500,8.382,6.905,0.8669,86.328,22.949,23.926,False
32,B_LLaVA_SDXL,385,23.619,10.691,0.8438,84.375,25.0,28.516,True
33,B_LLaVA_SDXL,335,30.012,11.914,0.8325,76.172,25.195,27.539,False
34,B_LLaVA_SDXL,500,33.305,9.142,0.8481,89.453,25.781,26.172,False
35,B_LLaVA_SDXL,500,40.759,11.96,0.7862,78.906,20.996,24.902,False
36,B_LLaVA_SDXL,500,38.386,11.471,0.7772,74.219,23.926,28.125,True
37,B_LLaVA_SDXL,499,20.933,10.983,0.7897,71.484,26.562,30.273,True
38,B_LLaVA_SDXL,500,13.071,9.519,0.7999,79.297,23.926,28.906,True
39,B_LLaVA_SDXL,500,33.188,10.749,0.8809,83.203,24.219,27.344,False
40,B_LLaVA_SDXL,500,32.988,11.405,0.8643,85.547,23.73,28.32,True
42,B_LLaVA_SDXL,500,13.071,9.519,0.7999,79.297,23.926,28.906,True
44,B_LLaVA_SDXL,500,18.681,9.489,0.9118,88.672,26.953,29.297,True
45,B_LLaVA_SDXL,500,14.33,10.419,0.8624,85.547,24.023,26.367,False
46,B_LLaVA_SDXL,500,33.188,10.749,0.8809,83.203,24.219,27.344,False
47,B_LLaVA_SDXL,500,16.744,11.208,0.8681,86.328,24.902,24.805,False
48,B_LLaVA_SDXL,456,29.298,9.469,0.9056,57.031,24.609,35.156,True
49,B_LLaVA_SDXL,500,20.792,11.218,0.7733,74.609,23.242,28.516,True
50,B_LLaVA_SDXL,500,19.814,9.946,0.8332,77.734,22.949,31.055,True
52,B_LLaVA_SDXL,500,15.387,8.969,0.8698,87.109,25.586,29.492,True
53,B_LLaVA_SDXL,500,31.159,12.324,0.8386,82.422,24.219,26.562,False
54,B_LLaVA_SDXL,500,38.4,12.688,0.7176,66.797,24.707,28.711,True
55,B_LLaVA_SDXL,500,40.99,11.478,0.8027,87.5,27.148,28.125,True
56,B_LLaVA_SDXL,500,20.923,11.37,0.8244,83.594,26.562,32.422,True
57,B_LLaVA_SDXL,425,26.942,9.434,0.8387,89.453,25.977,28.711,True
59,B_LLaVA_SDXL,500,33.085,9.471,0.8568,64.844,26.367,25.977,False
6,B_LLaVA_SDXL,498,21.457,11.081,0.8069,76.562,28.711,29.297,True
61,B_LLaVA_SDXL,500,24.511,9.221,0.897,78.125,27.344,30.859,True
62,B_LLaVA_SDXL,500,18.121,10.87,0.7955,92.578,26.172,26.562,False
64,B_LLaVA_SDXL,500,20.39,10.469,0.8079,61.328,23.438,28.906,True
65,B_LLaVA_SDXL,500,22.17,10.433,0.8039,80.078,27.93,32.422,True
66,B_LLaVA_SDXL,499,19.437,9.502,0.8349,80.859,25.195,26.562,False
67,B_LLaVA_SDXL,500,12.288,10.259,0.9299,84.375,24.609,28.516,True
68,B_LLaVA_SDXL,441,33.8,8.411,0.9434,73.438,27.539,33.203,True
69,B_LLaVA_SDXL,500,23.467,7.973,0.9321,85.156,23.926,28.906,True
7,B_LLaVA_SDXL,500,18.867,10.701,0.7775,87.5,24.121,26.562,False
70,B_LLaVA_SDXL,500,24.542,7.522,0.8564,76.172,21.094,24.609,False
72,B_LLaVA_SDXL,500,27.975,12.509,0.7833,83.203,26.953,27.148,False
73,B_LLaVA_SDXL,500,20.792,11.218,0.7733,74.609,23.242,28.516,True
74,B_LLaVA_SDXL,500,21.878,10.496,0.8543,62.891,22.461,29.102,True
75,B_LLaVA_SDXL,500,20.674,8.716,0.9132,82.422,23.34,30.273,True
76,B_LLaVA_SDXL,500,37.739,12.476,0.7608,68.359,26.758,30.273,True
77,B_LLaVA_SDXL,500,22.528,9.319,0.7875,76.562,26.758,27.539,False
78,B_LLaVA_SDXL,500,15.707,9.001,0.8022,73.828,25.195,27.148,False
8,B_LLaVA_SDXL,500,18.786,11.445,0.7839,85.547,27.93,26.953,False
80,B_LLaVA_SDXL,500,34.179,10.163,0.7737,74.609,24.805,25.195,False
82,B_LLaVA_SDXL,487,22.731,12.976,0.8075,80.078,25.0,29.102,True
84,B_LLaVA_SDXL,500,26.922,9.303,0.8687,84.766,25.781,34.961,True
85,B_LLaVA_SDXL,500,18.684,9.48,0.7848,90.234,24.121,26.172,False
86,B_LLaVA_SDXL,500,21.677,9.221,0.8296,82.031,23.242,27.93,False
87,B_LLaVA_SDXL,437,9.536,8.871,0.8116,83.203,27.734,28.516,True
88,B_LLaVA_SDXL,411,30.031,10.296,0.8163,73.047,21.191,25.586,False
9,B_LLaVA_SDXL,500,22.338,7.529,0.8153,78.516,21.875,26.172,False
92,B_LLaVA_SDXL,500,22.29,9.442,0.9149,64.844,29.492,38.477,True
93,B_LLaVA_SDXL,500,26.195,10.308,0.8294,85.938,22.949,28.125,True
95,B_LLaVA_SDXL,500,24.326,10.272,0.8157,71.094,25.0,27.539,False
96,B_LLaVA_SDXL,487,22.731,12.976,0.8075,80.078,25.0,29.102,True
97,B_LLaVA_SDXL,500,22.477,8.759,0.8734,66.797,25.977,35.352,True
99,B_LLaVA_SDXL,380,24.946,9.171,0.9195,83.984,26.758,30.664,True
w_1,B_LLaVA_SDXL,500,21.315,10.827,0.7462,74.609,29.297,31.445,True
w_10,B_LLaVA_SDXL,338,15.763,6.915,0.7794,65.234,28.516,34.57,True
w_100,B_LLaVA_SDXL,499,23.438,8.97,0.7615,60.547,24.219,23.73,False
w_11,B_LLaVA_SDXL,500,31.125,10.024,0.7358,53.125,25.977,30.469,True
w_12,B_LLaVA_SDXL,500,19.321,7.839,0.786,66.797,24.316,30.469,True
w_13,B_LLaVA_SDXL,500,32.484,10.728,0.7148,57.812,21.289,29.688,True
w_14,B_LLaVA_SDXL,500,26.815,9.785,0.8003,56.641,24.219,23.242,False
w_15,B_LLaVA_SDXL,500,23.063,9.586,0.8475,61.719,20.41,27.93,False
w_16,B_LLaVA_SDXL,500,11.032,8.125,0.8609,68.75,27.148,27.148,False
w_17,B_LLaVA_SDXL,500,27.453,10.884,0.8186,57.031,19.727,27.734,False
w_18,B_LLaVA_SDXL,500,21.069,10.155,0.7697,74.219,26.562,27.344,False
w_19,B_LLaVA_SDXL,500,17.045,9.612,0.8825,65.234,20.703,28.516,True
w_2,B_LLaVA_SDXL,499,24.779,9.565,0.7028,50.0,26.562,29.102,True
w_20,B_LLaVA_SDXL,459,30.857,9.006,0.8891,55.078,19.629,23.633,False
w_21,B_LLaVA_SDXL,500,21.738,8.402,0.7432,71.484,22.852,28.906,True
w_22,B_LLaVA_SDXL,500,14.932,7.999,0.872,63.281,20.215,25.586,False
w_23,B_LLaVA_SDXL,500,15.552,10.387,0.8207,73.047,24.414,26.172,False
w_24,B_LLaVA_SDXL,500,26.701,9.653,0.8342,57.031,25.781,22.949,False
w_25,B_LLaVA_SDXL,500,14.355,8.414,0.9343,73.438,24.023,29.297,True
w_26,B_LLaVA_SDXL,500,30.83,10.778,0.7001,71.484,24.316,28.516,True
w_27,B_LLaVA_SDXL,500,35.674,10.062,0.7315,62.891,24.219,26.172,False
w_28,B_LLaVA_SDXL,499,21.283,7.539,0.8075,73.438,28.516,30.078,True
w_29,B_LLaVA_SDXL,500,20.708,8.295,0.7109,81.641,23.438,25.586,False
w_3,B_LLaVA_SDXL,500,19.157,9.955,0.7827,72.266,21.094,25.195,False
w_30,B_LLaVA_SDXL,500,27.653,6.525,0.8938,56.25,19.922,28.906,True
w_31,B_LLaVA_SDXL,500,28.59,11.719,0.9063,78.125,24.121,27.734,False
w_32,B_LLaVA_SDXL,500,45.639,7.357,0.703,60.547,24.316,26.367,False
w_33,B_LLaVA_SDXL,500,19.039,11.188,0.8795,63.281,23.73,26.172,False
w_34,B_LLaVA_SDXL,376,20.779,10.439,0.6681,64.062,23.633,27.734,False
w_35,B_LLaVA_SDXL,500,15.492,8.097,0.8649,60.547,24.902,31.445,True
w_36,B_LLaVA_SDXL,499,13.915,10.944,0.9115,56.641,23.73,28.711,True
w_37,B_LLaVA_SDXL,500,19.428,10.547,0.9341,62.891,22.852,27.734,False
w_38,B_LLaVA_SDXL,500,17.872,7.716,0.8234,62.5,28.906,25.781,False
w_39,B_LLaVA_SDXL,479,23.851,8.937,0.7967,69.141,22.461,28.125,True
w_4,B_LLaVA_SDXL,500,15.945,8.935,0.7695,63.672,24.219,29.883,True
w_40,B_LLaVA_SDXL,500,27.332,8.696,0.7741,52.734,19.824,26.367,False
w_41,B_LLaVA_SDXL,500,30.802,6.969,0.7481,63.281,27.539,30.273,True
w_42,B_LLaVA_SDXL,500,9.848,7.945,0.7606,73.047,24.805,25.391,False
w_43,B_LLaVA_SDXL,500,17.893,11.647,0.7845,81.25,24.902,27.344,False
w_44,B_LLaVA_SDXL,500,20.832,9.922,0.7794,69.531,21.777,29.883,True
w_45,B_LLaVA_SDXL,500,19.16,10.775,0.7127,58.203,27.148,29.102,True
w_46,B_LLaVA_SDXL,494,17.359,9.123,0.7932,61.719,24.121,28.125,True
w_47,B_LLaVA_SDXL,500,20.033,10.985,0.9189,66.406,24.512,24.805,False
w_48,B_LLaVA_SDXL,465,32.079,11.17,0.7521,60.938,22.363,24.609,False
w_49,B_LLaVA_SDXL,500,30.749,11.195,0.7452,67.188,25.0,26.953,False
w_5,B_LLaVA_SDXL,499,33.633,6.859,0.8438,64.453,23.242,27.734,False
w_50,B_LLaVA_SDXL,500,25.057,9.056,0.7405,65.625,22.656,26.953,False
w_51,B_LLaVA_SDXL,500,28.423,10.372,0.8285,61.719,20.801,25.977,False
w_52,B_LLaVA_SDXL,500,24.668,7.578,0.8315,57.031,24.512,27.734,False
w_53,B_LLaVA_SDXL,428,19.76,9.061,0.7732,51.562,26.953,30.859,True
w_54,B_LLaVA_SDXL,311,19.157,8.509,0.7917,55.469,21.973,32.812,True
w_55,B_LLaVA_SDXL,500,25.055,8.14,0.7511,63.281,32.227,31.445,True
w_56,B_LLaVA_SDXL,500,17.38,9.642,0.8076,73.047,27.539,29.492,True
w_57,B_LLaVA_SDXL,500,29.19,9.925,0.7743,55.859,25.0,29.492,True
w_58,B_LLaVA_SDXL,500,29.62,10.962,0.7982,69.141,20.117,27.734,False
w_59,B_LLaVA_SDXL,493,6.726,8.951,0.8382,59.375,24.023,31.25,True
w_6,B_LLaVA_SDXL,500,33.474,10.566,0.7898,62.5,27.148,25.586,False
w_60,B_LLaVA_SDXL,500,24.747,8.56,0.6787,63.672,27.734,25.781,False
w_61,B_LLaVA_SDXL,500,20.56,10.025,0.8143,71.875,23.145,25.977,False
w_62,B_LLaVA_SDXL,499,19.242,10.271,0.7402,50.0,22.754,28.516,True
w_63,B_LLaVA_SDXL,500,17.419,8.916,0.7751,70.703,20.996,23.73,False
w_64,B_LLaVA_SDXL,500,15.949,11.637,0.7435,72.656,22.266,25.0,False
w_65,B_LLaVA_SDXL,453,18.923,8.916,0.7598,56.25,22.461,26.758,False
w_66,B_LLaVA_SDXL,499,22.769,10.127,0.7219,40.234,17.285,27.539,False
w_67,B_LLaVA_SDXL,500,14.491,10.373,0.7817,72.656,23.828,28.32,True
w_68,B_LLaVA_SDXL,499,15.839,9.086,0.7699,57.812,26.758,26.562,False
w_69,B_LLaVA_SDXL,500,14.172,11.159,0.8116,76.562,24.902,27.734,False
w_7,B_LLaVA_SDXL,500,24.383,9.018,0.8073,62.109,21.777,28.516,True
w_70,B_LLaVA_SDXL,500,21.941,8.985,0.7849,76.172,27.539,29.492,True
w_71,B_LLaVA_SDXL,500,20.31,7.97,0.8369,69.141,26.172,23.535,False
w_72,B_LLaVA_SDXL,500,14.763,11.706,0.8402,83.203,22.559,26.953,False
w_73,B_LLaVA_SDXL,499,20.827,8.604,0.7575,64.844,24.512,28.125,True
w_74,B_LLaVA_SDXL,500,28.621,12.447,0.7779,67.188,19.629,26.953,False
w_75,B_LLaVA_SDXL,500,20.641,6.269,0.8233,71.094,26.172,27.344,False
w_76,B_LLaVA_SDXL,500,37.74,9.882,0.7441,71.484,22.949,24.707,False
w_77,B_LLaVA_SDXL,500,12.198,9.136,0.812,63.672,23.047,30.078,True
w_78,B_LLaVA_SDXL,500,11.114,9.118,0.7825,50.391,25.977,29.102,True
w_79,B_LLaVA_SDXL,500,18.417,10.018,0.7681,50.781,19.531,29.297,True
w_8,B_LLaVA_SDXL,373,11.176,8.959,0.7847,79.688,31.25,32.031,True
w_80,B_LLaVA_SDXL,500,11.18,8.714,0.7478,72.656,22.363,29.883,True
w_81,B_LLaVA_SDXL,500,11.18,8.714,0.7478,72.656,22.363,29.883,True
w_82,B_LLaVA_SDXL,500,13.204,7.559,0.8046,57.422,26.953,28.32,True
w_83,B_LLaVA_SDXL,499,26.754,8.925,0.7944,66.797,22.754,30.664,True
w_84,B_LLaVA_SDXL,500,18.044,9.341,0.7856,64.062,25.586,26.953,False
w_85,B_LLaVA_SDXL,500,17.415,8.215,0.743,58.203,23.047,27.734,False
w_86,B_LLaVA_SDXL,500,19.643,9.347,0.7943,71.094,23.535,23.926,False
w_87,B_LLaVA_SDXL,500,13.71,8.521,0.7868,69.531,23.34,25.977,False
w_88,B_LLaVA_SDXL,500,24.607,7.674,0.7585,57.812,21.582,25.586,False
w_89,B_LLaVA_SDXL,500,29.078,9.99,0.8039,64.844,23.633,27.93,False
w_9,B_LLaVA_SDXL,499,27.018,11.222,0.7005,59.766,19.824,30.859,True
w_90,B_LLaVA_SDXL,500,26.184,11.311,0.7248,80.859,25.586,24.512,False
w_91,B_LLaVA_SDXL,500,15.187,8.58,0.7534,45.898,21.484,26.758,False
w_92,B_LLaVA_SDXL,500,40.276,10.265,0.7777,67.578,29.492,24.414,False
w_93,B_LLaVA_SDXL,500,14.007,8.423,0.7433,64.844,22.461,28.711,True
w_94,B_LLaVA_SDXL,500,15.127,9.908,0.8083,64.062,26.562,27.734,False
w_95,B_LLaVA_SDXL,500,29.703,7.408,0.7894,67.969,21.387,25.0,False
w_96,B_LLaVA_SDXL,492,14.664,9.172,0.7502,67.188,22.266,27.734,False
w_97,B_LLaVA_SDXL,500,37.856,9.067,0.7774,71.875,23.34,25.0,False
w_98,B_LLaVA_SDXL,500,28.091,10.633,0.8145,53.906,22.852,28.516,True
w_99,B_LLaVA_SDXL,500,25.238,13.075,0.6482,52.734,21.68,23.926,False
05_02_0001,C_LLaVA_FLUX,500,6.532,9.255,0.8714,58.984,20.41,27.734,False
05_02_0002,C_LLaVA_FLUX,500,6.653,10.426,0.8694,72.266,25.195,25.195,False
05_02_0003,C_LLaVA_FLUX,499,6.614,10.392,0.9646,65.625,24.609,28.906,True
05_02_0004,C_LLaVA_FLUX,500,5.435,10.672,0.931,60.156,20.215,26.758,False
05_02_0005,C_LLaVA_FLUX,500,7.039,10.101,0.9226,70.312,22.852,25.977,False
05_02_0006,C_LLaVA_FLUX,500,8.803,9.209,0.9086,55.469,22.656,21.777,False
05_02_0007,C_LLaVA_FLUX,500,5.331,8.256,0.8479,56.25,24.316,30.664,True
05_02_0008,C_LLaVA_FLUX,500,6.328,10.547,0.8663,64.453,23.535,29.492,True
05_02_0009,C_LLaVA_FLUX,499,10.86,9.318,0.9444,62.891,30.859,28.125,True
05_02_0010,C_LLaVA_FLUX,500,7.059,8.966,0.8795,62.109,22.852,30.078,True
05_02_0011,C_LLaVA_FLUX,500,6.364,9.444,0.8566,71.094,24.707,27.539,False
05_02_0012,C_LLaVA_FLUX,500,8.372,9.726,0.826,56.25,21.582,26.953,False
05_02_0013,C_LLaVA_FLUX,500,8.153,10.639,0.8814,74.609,27.93,29.492,True
05_02_0014,C_LLaVA_FLUX,500,4.42,8.939,0.9458,64.453,25.977,23.535,False
05_02_0015,C_LLaVA_FLUX,500,8.42,10.858,0.8619,64.453,20.801,27.93,False
05_02_0016,C_LLaVA_FLUX,495,10.088,10.713,0.8556,59.375,22.852,27.148,False
05_02_0017,C_LLaVA_FLUX,466,9.404,9.026,0.9431,62.5,26.758,27.148,False
05_02_0018,C_LLaVA_FLUX,500,8.772,10.703,0.9051,57.812,25.0,29.102,True
05_02_0019,C_LLaVA_FLUX,500,11.312,11.456,0.8946,64.844,23.242,26.758,False
05_02_0020,C_LLaVA_FLUX,499,7.583,9.548,0.8779,69.922,24.023,25.977,False
05_02_0021,C_LLaVA_FLUX,500,7.946,9.183,0.9061,57.812,25.391,28.906,True
05_02_0022,C_LLaVA_FLUX,500,6.463,10.546,0.879,67.188,21.973,25.781,False
05_02_0023,C_LLaVA_FLUX,500,10.18,10.325,0.8318,72.266,24.707,25.0,False
05_02_0024,C_LLaVA_FLUX,500,9.342,8.862,0.9212,44.336,17.285,20.312,False
05_02_0025,C_LLaVA_FLUX,500,6.831,9.962,0.9079,59.766,25.586,25.977,False
05_02_0026,C_LLaVA_FLUX,500,8.608,8.165,0.8354,54.688,12.158,26.758,False
05_02_0027,C_LLaVA_FLUX,500,9.853,10.792,0.9256,82.812,24.316,25.781,False
05_02_0028,C_LLaVA_FLUX,500,9.578,10.665,0.8914,76.172,22.266,26.367,False
05_02_0029,C_LLaVA_FLUX,500,6.86,8.815,0.8847,60.547,20.215,29.492,True
05_02_0030,C_LLaVA_FLUX,500,6.879,10.063,0.8641,59.766,22.363,28.711,True
05_02_0031,C_LLaVA_FLUX,500,7.244,10.184,0.9607,61.719,28.516,26.562,False
05_02_0032,C_LLaVA_FLUX,499,16.695,11.183,0.8484,70.703,26.562,24.219,False
05_02_0033,C_LLaVA_FLUX,500,4.988,10.042,0.9102,58.984,24.316,18.652,False
05_02_0034,C_LLaVA_FLUX,500,12.011,10.194,0.9054,71.484,21.777,29.492,True
05_02_0035,C_LLaVA_FLUX,499,11.45,9.529,0.9089,78.906,25.586,29.102,True
05_02_0036,C_LLaVA_FLUX,500,8.18,9.961,0.9034,67.188,22.949,26.172,False
1,C_LLaVA_FLUX,500,37.431,10.751,0.7614,79.688,22.363,25.977,False
10,C_LLaVA_FLUX,500,24.679,9.226,0.7271,89.453,24.316,26.562,False
100,C_LLaVA_FLUX,500,39.39,9.725,0.7711,76.953,22.852,27.148,False
101,C_LLaVA_FLUX,499,37.022,11.822,0.7422,68.75,27.148,31.055,True
102,C_LLaVA_FLUX,500,29.585,10.721,0.7428,50.781,15.625,27.734,False
103,C_LLaVA_FLUX,481,25.702,9.454,0.9013,83.984,24.219,28.32,True
104,C_LLaVA_FLUX,499,14.338,8.625,0.8062,71.094,21.875,26.562,False
106,C_LLaVA_FLUX,500,29.233,8.047,0.7811,72.266,20.215,29.492,True
107,C_LLaVA_FLUX,500,24.172,7.544,0.7701,89.062,28.516,25.391,False
11,C_LLaVA_FLUX,500,12.657,11.48,0.8488,78.516,23.438,24.902,False
110,C_LLaVA_FLUX,500,28.205,10.222,0.7343,78.125,22.168,26.562,False
111,C_LLaVA_FLUX,500,20.331,8.488,0.8486,79.688,22.656,22.559,False
112,C_LLaVA_FLUX,500,29.18,8.759,0.7575,68.75,22.949,30.664,True
113,C_LLaVA_FLUX,500,23.965,10.04,0.8563,74.609,22.363,26.758,False
114,C_LLaVA_FLUX,500,27.353,8.748,0.7452,84.375,26.172,23.145,False
115,C_LLaVA_FLUX,500,39.772,11.233,0.8059,74.219,24.219,27.148,False
116,C_LLaVA_FLUX,500,25.079,10.36,0.7642,76.172,24.512,25.781,False
117,C_LLaVA_FLUX,490,22.742,9.544,0.7523,78.516,25.977,26.953,False
118,C_LLaVA_FLUX,448,25.501,7.043,0.7965,91.797,25.391,28.711,True
12,C_LLaVA_FLUX,498,34.033,9.78,0.857,73.828,24.902,28.711,True
120,C_LLaVA_FLUX,500,27.685,11.313,0.8236,77.734,22.949,24.219,False
121,C_LLaVA_FLUX,499,19.34,7.972,0.8219,62.5,23.828,28.906,True
122,C_LLaVA_FLUX,499,22.709,9.503,0.8115,81.25,23.828,24.414,False
123,C_LLaVA_FLUX,500,29.997,10.78,0.8959,70.703,24.219,23.828,False
124,C_LLaVA_FLUX,500,31.931,10.907,0.7671,78.906,26.367,27.93,False
125,C_LLaVA_FLUX,500,27.278,11.142,0.754,79.688,24.414,29.883,True
13,C_LLaVA_FLUX,460,23.523,10.365,0.8517,85.547,24.805,27.344,False
14,C_LLaVA_FLUX,453,20.762,9.538,0.9574,79.688,24.902,26.758,False
15,C_LLaVA_FLUX,468,24.222,11.19,0.8079,92.188,23.926,26.172,False
17,C_LLaVA_FLUX,500,36.31,11.827,0.7889,85.938,23.438,25.781,False
18,C_LLaVA_FLUX,500,19.58,7.705,0.7765,92.188,23.047,26.758,False
20,C_LLaVA_FLUX,499,32.229,9.112,0.8091,79.297,25.391,27.734,False
21,C_LLaVA_FLUX,500,24.679,9.226,0.7271,89.453,24.316,26.562,False
22,C_LLaVA_FLUX,500,37.951,12.96,0.8153,88.281,24.609,24.609,False
23,C_LLaVA_FLUX,500,38.608,11.886,0.773,89.844,23.145,24.414,False
24,C_LLaVA_FLUX,500,29.343,8.428,0.9539,82.422,27.93,29.492,True
25,C_LLaVA_FLUX,500,35.013,10.481,0.7795,94.141,23.633,25.781,False
26,C_LLaVA_FLUX,499,31.563,8.744,0.8054,57.812,27.539,29.297,True
27,C_LLaVA_FLUX,455,32.944,11.379,0.8396,89.453,24.609,27.93,False
29,C_LLaVA_FLUX,500,9.996,9.41,0.8479,83.594,27.344,23.047,False
3,C_LLaVA_FLUX,475,37.239,12.966,0.7877,89.844,25.586,27.93,False
30,C_LLaVA_FLUX,500,16.319,9.679,0.808,91.406,26.562,26.562,False
31,C_LLaVA_FLUX,500,11.517,7.721,0.892,88.672,22.949,24.902,False
32,C_LLaVA_FLUX,385,18.529,11.454,0.8078,91.797,25.0,27.148,False
33,C_LLaVA_FLUX,335,37.908,11.92,0.7696,92.969,25.195,26.953,False
34,C_LLaVA_FLUX,500,31.481,10.434,0.8232,87.109,25.781,25.195,False
35,C_LLaVA_FLUX,500,51.926,13.583,0.6735,79.297,20.996,26.172,False
36,C_LLaVA_FLUX,500,32.819,12.413,0.7701,89.062,23.926,27.344,False
37,C_LLaVA_FLUX,499,15.452,9.927,0.8157,85.938,26.562,28.711,True
38,C_LLaVA_FLUX,500,10.893,8.504,0.8271,78.906,23.926,25.391,False
39,C_LLaVA_FLUX,500,32.124,13.259,0.8174,88.672,24.219,27.734,False
40,C_LLaVA_FLUX,500,25.903,10.893,0.8707,85.547,23.73,23.438,False
42,C_LLaVA_FLUX,500,10.893,8.504,0.8271,78.906,23.926,25.391,False
44,C_LLaVA_FLUX,500,17.295,10.112,0.9274,90.625,26.953,28.711,True
45,C_LLaVA_FLUX,500,12.861,10.234,0.8032,87.109,24.023,25.977,False
46,C_LLaVA_FLUX,500,32.124,13.259,0.8174,88.672,24.219,27.734,False
47,C_LLaVA_FLUX,500,16.949,11.584,0.812,89.844,24.902,27.734,False
48,C_LLaVA_FLUX,456,32.35,10.638,0.8889,82.031,24.609,28.711,True
49,C_LLaVA_FLUX,500,17.633,11.431,0.7705,80.859,23.242,28.906,True
50,C_LLaVA_FLUX,500,15.651,10.471,0.8165,82.422,22.949,26.758,False
52,C_LLaVA_FLUX,500,15.431,10.801,0.7872,86.328,25.586,25.586,False
53,C_LLaVA_FLUX,500,23.692,11.665,0.8663,84.766,24.219,24.707,False
54,C_LLaVA_FLUX,500,37.928,13.867,0.7417,68.359,24.707,25.781,False
55,C_LLaVA_FLUX,500,42.198,11.648,0.808,89.453,27.148,27.539,False
56,C_LLaVA_FLUX,500,19.811,11.157,0.8107,82.812,26.562,30.859,True
57,C_LLaVA_FLUX,425,23.516,10.196,0.7981,94.922,25.977,27.148,False
59,C_LLaVA_FLUX,500,41.01,12.932,0.6692,89.844,26.367,28.125,True
6,C_LLaVA_FLUX,498,24.07,11.25,0.8421,69.922,28.711,28.125,True
61,C_LLaVA_FLUX,500,23.794,8.286,0.9309,80.859,27.344,26.953,False
62,C_LLaVA_FLUX,500,15.279,12.166,0.7334,94.531,26.172,27.148,False
64,C_LLaVA_FLUX,500,24.748,9.407,0.7655,61.719,23.438,26.758,False
65,C_LLaVA_FLUX,500,19.69,10.052,0.8032,83.203,27.93,28.32,True
66,C_LLaVA_FLUX,499,14.788,8.835,0.793,86.328,25.195,26.172,False
67,C_LLaVA_FLUX,500,11.577,10.788,0.8612,89.062,24.609,26.758,False
68,C_LLaVA_FLUX,441,34.79,8.518,0.9095,78.906,27.539,29.492,True
69,C_LLaVA_FLUX,500,19.567,7.672,0.8929,84.375,23.926,26.953,False
7,C_LLaVA_FLUX,500,14.013,10.439,0.8084,87.109,24.121,26.172,False
70,C_LLaVA_FLUX,500,28.701,9.296,0.8503,72.656,21.094,24.414,False
72,C_LLaVA_FLUX,500,31.651,11.955,0.8072,84.766,26.953,27.734,False
73,C_LLaVA_FLUX,500,17.633,11.431,0.7705,80.859,23.242,28.906,True
74,C_LLaVA_FLUX,500,22.629,11.075,0.8588,74.609,22.461,23.926,False
75,C_LLaVA_FLUX,500,23.306,10.095,0.8867,85.547,23.34,27.539,False
76,C_LLaVA_FLUX,500,45.393,13.4,0.7199,63.281,26.758,29.102,True
77,C_LLaVA_FLUX,500,28.693,11.687,0.7539,85.547,26.758,28.125,True
78,C_LLaVA_FLUX,500,14.253,9.045,0.8328,90.625,25.195,27.734,False
8,C_LLaVA_FLUX,500,14.553,10.723,0.7643,75.391,27.93,27.93,False
80,C_LLaVA_FLUX,500,41.901,11.309,0.6936,87.5,24.805,25.586,False
82,C_LLaVA_FLUX,487,20.303,11.335,0.8846,87.891,25.0,26.953,False
84,C_LLaVA_FLUX,500,30.212,11.062,0.8518,85.938,25.781,34.375,True
85,C_LLaVA_FLUX,500,22.114,11.015,0.7241,92.578,24.121,27.148,False
86,C_LLaVA_FLUX,500,23.187,10.39,0.8225,90.625,23.242,25.781,False
87,C_LLaVA_FLUX,437,9.931,9.187,0.7875,86.719,27.734,29.102,True
88,C_LLaVA_FLUX,411,31.048,10.971,0.8482,79.297,21.191,30.078,True
9,C_LLaVA_FLUX,500,24.459,9.375,0.7693,76.953,21.875,23.926,False
92,C_LLaVA_FLUX,500,26.159,9.863,0.8781,70.703,29.492,32.812,True
93,C_LLaVA_FLUX,500,28.315,10.914,0.8167,85.547,22.949,25.977,False
95,C_LLaVA_FLUX,500,14.671,8.959,0.8645,87.5,25.0,27.539,False
96,C_LLaVA_FLUX,487,20.303,11.335,0.8846,87.891,25.0,26.953,False
97,C_LLaVA_FLUX,500,23.165,10.967,0.9014,75.781,25.977,28.516,True
99,C_LLaVA_FLUX,380,24.475,9.197,0.8809,85.938,26.758,28.906,True
w_1,C_LLaVA_FLUX,500,13.129,9.828,0.7437,77.344,29.297,29.297,True
w_10,C_LLaVA_FLUX,338,13.229,5.786,0.8298,79.297,28.516,28.516,True
w_100,C_LLaVA_FLUX,499,15.237,8.455,0.7688,72.266,24.219,26.562,False
w_11,C_LLaVA_FLUX,500,29.984,11.065,0.701,54.297,25.977,29.102,True
w_12,C_LLaVA_FLUX,500,11.896,8.274,0.7276,81.25,24.316,26.172,False
w_13,C_LLaVA_FLUX,500,14.019,9.362,0.8185,60.156,21.289,25.977,False
w_14,C_LLaVA_FLUX,500,12.437,11.112,0.8028,71.484,24.219,25.195,False
w_15,C_LLaVA_FLUX,500,15.045,8.627,0.7809,64.062,20.41,27.148,False
w_16,C_LLaVA_FLUX,500,15.955,10.469,0.8129,74.219,27.148,29.883,True
w_17,C_LLaVA_FLUX,500,14.925,9.881,0.8395,57.812,19.727,29.102,True
w_18,C_LLaVA_FLUX,500,16.05,9.679,0.8142,81.25,26.562,26.758,False
w_19,C_LLaVA_FLUX,500,20.213,11.454,0.9293,76.172,20.703,27.539,False
w_2,C_LLaVA_FLUX,499,17.011,9.639,0.7544,66.797,26.562,31.445,True
w_20,C_LLaVA_FLUX,459,20.483,8.989,0.8122,69.141,19.629,24.902,False
w_21,C_LLaVA_FLUX,500,23.348,10.675,0.705,63.672,22.852,27.344,False
w_22,C_LLaVA_FLUX,500,9.07,7.953,0.8584,73.047,20.215,25.977,False
w_23,C_LLaVA_FLUX,500,10.687,10.39,0.91,75.781,24.414,25.781,False
w_24,C_LLaVA_FLUX,500,37.198,11.903,0.832,79.688,25.781,28.32,True
w_25,C_LLaVA_FLUX,500,12.336,9.076,0.9317,85.547,24.023,26.953,False
w_26,C_LLaVA_FLUX,500,13.423,8.918,0.7198,79.297,24.316,24.414,False
w_27,C_LLaVA_FLUX,500,37.53,11.191,0.8008,75.391,24.219,28.516,True
w_28,C_LLaVA_FLUX,499,40.149,10.285,0.7429,77.344,28.516,28.711,True
w_29,C_LLaVA_FLUX,500,11.729,7.406,0.7222,83.203,23.438,25.977,False
w_3,C_LLaVA_FLUX,500,12.008,10.399,0.7253,69.141,21.094,28.516,True
w_30,C_LLaVA_FLUX,500,20.04,5.958,0.9386,66.406,19.922,27.539,False
w_31,C_LLaVA_FLUX,500,22.124,10.929,0.944,84.375,24.121,26.367,False
w_32,C_LLaVA_FLUX,500,30.139,8.832,0.8098,60.156,24.316,27.93,False
w_33,C_LLaVA_FLUX,500,12.909,10.881,0.9804,49.219,23.73,22.949,False
w_34,C_LLaVA_FLUX,376,18.455,12.337,0.7544,69.531,23.633,29.102,True
w_35,C_LLaVA_FLUX,500,8.444,7.92,0.8988,72.656,24.902,28.906,True
w_36,C_LLaVA_FLUX,499,9.539,10.266,0.9359,65.234,23.73,21.875,False
w_37,C_LLaVA_FLUX,500,14.325,9.997,0.9304,76.172,22.852,22.656,False
w_38,C_LLaVA_FLUX,500,14.233,8.031,0.7661,74.219,28.906,28.906,True
w_39,C_LLaVA_FLUX,479,19.376,8.091,0.8433,73.438,22.461,25.391,False
w_4,C_LLaVA_FLUX,500,11.469,9.936,0.7349,72.266,24.219,25.0,False
w_40,C_LLaVA_FLUX,500,16.381,8.343,0.7865,67.578,19.824,24.512,False
w_41,C_LLaVA_FLUX,500,22.311,5.062,0.7865,79.688,27.539,30.664,True
w_42,C_LLaVA_FLUX,500,8.277,9.79,0.6744,67.969,24.805,27.734,False
w_43,C_LLaVA_FLUX,500,18.425,11.436,0.7741,88.672,24.902,27.148,False
w_44,C_LLaVA_FLUX,500,17.827,10.99,0.7029,72.266,21.777,24.902,False
w_45,C_LLaVA_FLUX,500,12.877,10.856,0.7182,57.031,27.148,28.711,True
w_46,C_LLaVA_FLUX,494,6.22,8.148,0.8433,78.906,24.121,24.609,False
w_47,C_LLaVA_FLUX,500,13.293,11.711,0.9037,74.609,24.512,25.781,False
w_48,C_LLaVA_FLUX,465,14.724,9.258,0.7453,68.359,22.363,25.0,False
w_49,C_LLaVA_FLUX,500,34.632,11.58,0.7246,73.047,25.0,29.688,True
w_5,C_LLaVA_FLUX,499,30.396,7.984,0.8092,73.047,23.242,26.562,False
w_50,C_LLaVA_FLUX,500,21.043,10.977,0.6911,79.688,22.656,24.609,False
w_51,C_LLaVA_FLUX,500,16.297,11.3,0.7955,65.234,20.801,25.0,False
w_52,C_LLaVA_FLUX,500,18.54,7.226,0.842,67.188,24.512,30.469,True
w_53,C_LLaVA_FLUX,428,14.117,8.91,0.7537,67.578,26.953,32.617,True
w_54,C_LLaVA_FLUX,311,14.785,9.384,0.7554,62.109,21.973,29.883,True
w_55,C_LLaVA_FLUX,500,15.616,8.662,0.7695,78.516,32.227,30.078,True
w_56,C_LLaVA_FLUX,500,13.918,9.785,0.7629,73.438,27.539,32.031,True
w_57,C_LLaVA_FLUX,500,13.867,11.083,0.8729,70.703,25.0,23.34,False
w_58,C_LLaVA_FLUX,500,19.472,10.796,0.8261,75.391,20.117,23.73,False
w_59,C_LLaVA_FLUX,493,4.566,8.679,0.7917,71.094,24.023,26.172,False
w_6,C_LLaVA_FLUX,500,14.831,10.349,0.7909,75.0,27.148,27.539,False
w_60,C_LLaVA_FLUX,500,27.46,10.61,0.7198,62.5,27.734,28.711,True
w_61,C_LLaVA_FLUX,500,15.233,10.438,0.7566,81.25,23.145,28.32,True
w_62,C_LLaVA_FLUX,499,11.986,9.638,0.7772,67.969,22.754,27.734,False
w_63,C_LLaVA_FLUX,500,11.21,8.043,0.7507,71.484,20.996,22.461,False
w_64,C_LLaVA_FLUX,500,11.207,11.285,0.7583,81.25,22.266,27.734,False
w_65,C_LLaVA_FLUX,453,16.833,10.427,0.7407,62.891,22.461,25.586,False
w_66,C_LLaVA_FLUX,499,15.093,9.86,0.7219,57.422,17.285,24.414,False
w_67,C_LLaVA_FLUX,500,10.469,10.894,0.7478,82.031,23.828,22.852,False
w_68,C_LLaVA_FLUX,499,16.954,8.407,0.8147,56.641,26.758,27.539,False
w_69,C_LLaVA_FLUX,500,10.592,11.855,0.7903,91.406,24.902,25.781,False
w_7,C_LLaVA_FLUX,500,19.521,11.427,0.7621,66.406,21.777,25.586,False
w_70,C_LLaVA_FLUX,500,18.86,10.655,0.7926,78.516,27.539,28.711,True
w_71,C_LLaVA_FLUX,500,23.756,8.121,0.8274,66.016,26.172,23.047,False
w_72,C_LLaVA_FLUX,500,9.607,12.032,0.7828,85.547,22.559,27.344,False
w_73,C_LLaVA_FLUX,499,14.396,8.906,0.7089,62.5,24.512,23.242,False
w_74,C_LLaVA_FLUX,500,30.83,12.502,0.7765,62.5,19.629,27.344,False
w_75,C_LLaVA_FLUX,500,10.309,6.809,0.8117,73.047,26.172,26.172,False
w_76,C_LLaVA_FLUX,500,29.241,11.178,0.9359,78.125,22.949,25.977,False
w_77,C_LLaVA_FLUX,500,8.333,9.963,0.7128,58.984,23.047,33.594,True
w_78,C_LLaVA_FLUX,500,8.127,9.427,0.8551,62.109,25.977,28.906,True
w_79,C_LLaVA_FLUX,500,10.306,9.62,0.7309,65.234,19.531,24.609,False
w_8,C_LLaVA_FLUX,373,12.052,11.445,0.7597,86.328,31.25,31.445,True
w_80,C_LLaVA_FLUX,500,9.348,11.142,0.6665,78.125,22.363,25.391,False
w_81,C_LLaVA_FLUX,500,9.348,11.142,0.6665,78.125,22.363,25.391,False
w_82,C_LLaVA_FLUX,500,11.313,7.772,0.7599,62.5,26.953,23.34,False
w_83,C_LLaVA_FLUX,499,17.537,9.837,0.8153,74.609,22.754,28.32,True
w_84,C_LLaVA_FLUX,500,11.391,9.663,0.767,76.953,25.586,25.195,False
w_85,C_LLaVA_FLUX,500,10.736,7.635,0.7669,71.875,23.047,23.73,False
w_86,C_LLaVA_FLUX,500,11.518,8.88,0.7846,71.875,23.535,26.758,False
w_87,C_LLaVA_FLUX,500,12.856,8.612,0.745,74.219,23.34,25.0,False
w_88,C_LLaVA_FLUX,500,23.371,8.537,0.781,67.188,21.582,23.73,False
w_89,C_LLaVA_FLUX,500,17.263,9.128,0.8386,83.203,23.633,28.906,True
w_9,C_LLaVA_FLUX,499,16.654,8.754,0.7448,76.953,19.824,25.391,False
w_90,C_LLaVA_FLUX,500,17.968,11.149,0.7069,84.766,25.586,24.609,False
w_91,C_LLaVA_FLUX,500,11.451,9.034,0.7488,49.219,21.484,27.93,False
w_92,C_LLaVA_FLUX,500,22.251,8.932,0.8543,72.266,29.492,28.125,True
w_93,C_LLaVA_FLUX,500,13.186,11.195,0.6579,73.828,22.461,25.391,False
w_94,C_LLaVA_FLUX,500,8.426,10.064,0.7784,60.156,26.562,29.297,True
w_95,C_LLaVA_FLUX,500,27.119,9.978,0.7972,72.266,21.387,28.125,True
w_96,C_LLaVA_FLUX,492,12.448,10.524,0.6526,77.734,22.266,25.977,False
w_97,C_LLaVA_FLUX,500,30.953,10.624,0.8617,78.906,23.34,24.512,False
w_98,C_LLaVA_FLUX,500,20.246,9.598,0.837,65.625,22.852,28.32,True
w_99,C_LLaVA_FLUX,500,15.77,11.275,0.7382,51.562,21.68,26.758,False
05_02_0001,D_ControlNet,500,7.366,7.613,0.6695,55.469,20.41,18.555,False
05_02_0002,D_ControlNet,500,1.954,7.826,0.5747,73.047,25.195,24.023,False
05_02_0003,D_ControlNet,499,9.877,9.278,0.6866,62.5,24.609,21.094,False
05_02_0004,D_ControlNet,500,3.828,9.366,0.6415,61.328,20.215,19.531,False
05_02_0005,D_ControlNet,500,6.262,8.652,0.6336,61.719,22.852,21.973,False
05_02_0006,D_ControlNet,500,10.016,9.081,0.59,55.859,22.656,14.746,False
05_02_0007,D_ControlNet,500,9.155,9.152,0.7568,51.953,24.316,24.121,False
05_02_0008,D_ControlNet,500,10.69,10.02,0.638,68.75,23.535,29.297,True
05_02_0009,D_ControlNet,499,18.312,11.023,0.7576,67.188,30.859,31.055,True
05_02_0010,D_ControlNet,500,13.219,11.159,0.7482,62.891,22.852,21.777,False
05_02_0011,D_ControlNet,500,4.192,7.366,0.6598,57.812,24.707,18.359,False
05_02_0012,D_ControlNet,500,10.571,9.247,0.7969,58.984,21.582,21.973,False
05_02_0013,D_ControlNet,500,16.122,11.842,0.5738,69.922,27.93,32.422,True
05_02_0014,D_ControlNet,500,6.769,10.006,0.642,63.672,25.977,25.977,False
05_02_0015,D_ControlNet,500,5.616,8.367,0.6764,55.078,20.801,18.359,False
05_02_0016,D_ControlNet,495,30.448,13.14,0.6494,68.75,22.852,21.582,False
05_02_0017,D_ControlNet,466,11.064,8.909,0.609,70.703,26.758,25.195,False
05_02_0018,D_ControlNet,500,12.373,10.531,0.8281,57.031,25.0,26.758,False
05_02_0019,D_ControlNet,500,8.092,9.44,0.623,53.125,23.242,23.047,False
05_02_0020,D_ControlNet,499,14.046,11.345,0.8,69.531,24.023,28.125,True
05_02_0021,D_ControlNet,500,12.424,9.794,0.6322,66.797,25.391,27.148,False
05_02_0022,D_ControlNet,500,8.452,10.367,0.6221,73.828,21.973,31.836,True
05_02_0023,D_ControlNet,500,11.052,8.502,0.641,57.812,24.707,19.727,False
05_02_0024,D_ControlNet,500,11.194,9.825,0.625,57.422,17.285,19.922,False
05_02_0025,D_ControlNet,500,6.627,8.512,0.5341,58.984,25.586,18.555,False
05_02_0026,D_ControlNet,500,8.393,8.801,0.6367,53.516,12.158,19.824,False
05_02_0027,D_ControlNet,500,15.799,10.843,0.6315,71.875,24.316,29.492,True
05_02_0028,D_ControlNet,500,13.195,10.422,0.5922,70.703,22.266,29.297,True
05_02_0029,D_ControlNet,500,6.024,8.226,0.6941,56.25,20.215,19.629,False
05_02_0030,D_ControlNet,500,14.419,10.465,0.6606,60.938,22.363,19.629,False
05_02_0031,D_ControlNet,500,7.29,7.368,0.7295,55.469,28.516,21.875,False
05_02_0032,D_ControlNet,499,22.007,12.388,0.6834,71.484,26.562,29.297,True
05_02_0033,D_ControlNet,500,7.227,9.684,0.5392,69.531,24.316,26.172,False
05_02_0034,D_ControlNet,500,12.119,8.329,0.6977,57.031,21.777,20.312,False
05_02_0035,D_ControlNet,499,13.61,9.235,0.638,67.969,25.586,31.836,True
05_02_0036,D_ControlNet,500,11.74,10.516,0.6328,56.641,22.949,17.48,False
1,D_ControlNet,500,44.868,10.852,0.6638,80.469,22.363,23.828,False
10,D_ControlNet,500,33.954,11.198,0.6778,90.234,24.316,28.125,True
100,D_ControlNet,500,36.559,10.996,0.6848,74.609,22.852,30.078,True
101,D_ControlNet,499,40.859,11.35,0.5741,69.922,27.148,29.883,True
102,D_ControlNet,500,34.334,11.404,0.4999,65.234,15.625,18.359,False
103,D_ControlNet,481,20.946,8.905,0.7897,73.828,24.219,30.273,True
104,D_ControlNet,499,24.274,10.837,0.5811,63.281,21.875,25.977,False
106,D_ControlNet,500,20.431,8.116,0.7275,78.125,20.215,26.562,False
107,D_ControlNet,500,21.588,8.148,0.5568,82.422,28.516,23.145,False
11,D_ControlNet,500,11.076,10.493,0.6916,77.344,23.438,28.711,True
110,D_ControlNet,500,38.571,10.399,0.535,75.0,22.168,28.711,True
111,D_ControlNet,500,21.011,8.009,0.6814,73.047,22.656,25.977,False
112,D_ControlNet,500,36.788,9.828,0.5263,74.219,22.949,30.664,True
113,D_ControlNet,500,30.293,10.883,0.6683,65.625,22.363,25.0,False
114,D_ControlNet,500,41.229,11.144,0.492,92.969,26.172,28.516,True
115,D_ControlNet,500,45.403,11.801,0.5967,80.469,24.219,27.539,False
116,D_ControlNet,500,35.252,12.303,0.5181,80.859,24.512,24.121,False
117,D_ControlNet,490,46.175,13.314,0.4471,88.281,25.977,24.609,False
118,D_ControlNet,448,24.269,7.327,0.6551,86.719,25.391,30.273,True
12,D_ControlNet,498,25.962,10.41,0.7543,62.891,24.902,30.273,True
120,D_ControlNet,500,43.476,12.374,0.5693,76.562,22.949,28.516,True
121,D_ControlNet,499,31.236,9.512,0.7296,64.453,23.828,29.688,True
122,D_ControlNet,499,31.147,10.278,0.6457,89.844,23.828,24.121,False
123,D_ControlNet,500,24.616,9.577,0.8122,76.562,24.219,25.391,False
124,D_ControlNet,500,33.478,10.584,0.4865,83.984,26.367,30.469,True
125,D_ControlNet,500,34.896,12.464,0.626,60.938,24.414,29.492,True
13,D_ControlNet,460,18.582,9.518,0.7819,76.172,24.805,27.344,False
14,D_ControlNet,453,23.435,9.099,0.7835,73.828,24.902,31.641,True
15,D_ControlNet,468,34.575,14.902,0.624,76.172,23.926,27.148,False
17,D_ControlNet,500,44.009,11.0,0.6827,83.984,23.438,25.586,False
18,D_ControlNet,500,47.444,12.319,0.6126,84.375,23.047,29.883,True
20,D_ControlNet,499,26.01,8.197,0.9503,73.438,25.391,26.367,False
21,D_ControlNet,500,33.954,11.198,0.6778,90.234,24.316,28.125,True
22,D_ControlNet,500,29.021,10.847,0.8232,66.016,24.609,26.367,False
23,D_ControlNet,500,43.73,11.174,0.7059,84.766,23.145,24.902,False
24,D_ControlNet,500,39.368,9.236,0.7746,85.938,27.93,28.711,True
25,D_ControlNet,500,24.639,9.318,0.8668,68.359,23.633,26.367,False
26,D_ControlNet,499,42.367,10.607,0.6093,76.953,27.539,34.766,True
27,D_ControlNet,455,32.095,12.665,0.7524,72.656,24.609,27.148,False
29,D_ControlNet,500,10.429,8.113,0.7791,87.891,27.344,28.32,True
3,D_ControlNet,475,45.777,12.897,0.6516,89.453,25.586,29.492,True
30,D_ControlNet,500,25.991,11.232,0.6611,88.672,26.562,29.688,True
31,D_ControlNet,500,14.338,7.361,0.8044,85.156,22.949,24.316,False
32,D_ControlNet,385,21.054,12.253,0.7211,81.641,25.0,28.906,True
33,D_ControlNet,335,33.931,10.375,0.6905,84.766,25.195,27.93,False
34,D_ControlNet,500,28.171,9.604,0.7238,85.547,25.781,28.125,True
35,D_ControlNet,500,29.583,11.54,0.777,67.188,20.996,22.852,False
36,D_ControlNet,500,45.726,12.884,0.6654,82.812,23.926,28.516,True
37,D_ControlNet,499,24.302,12.307,0.7049,85.547,26.562,29.297,True
38,D_ControlNet,500,12.195,9.483,0.7559,79.297,23.926,23.828,False
39,D_ControlNet,500,33.01,11.912,0.6799,73.828,24.219,24.609,False
40,D_ControlNet,500,35.348,11.614,0.7722,70.703,23.73,28.125,True
42,D_ControlNet,500,12.195,9.483,0.7559,79.297,23.926,23.828,False
44,D_ControlNet,500,19.125,11.261,0.6456,88.672,26.953,30.469,True
45,D_ControlNet,500,22.199,12.28,0.7054,83.984,24.023,30.469,True
46,D_ControlNet,500,33.01,11.912,0.6799,73.828,24.219,24.609,False
47,D_ControlNet,500,21.929,12.131,0.7292,92.578,24.902,26.758,False
48,D_ControlNet,456,36.106,10.812,0.7736,71.094,24.609,31.055,True
49,D_ControlNet,500,26.413,12.84,0.5842,74.219,23.242,25.0,False
50,D_ControlNet,500,21.042,11.148,0.6518,70.312,22.949,25.0,False
52,D_ControlNet,500,17.343,9.818,0.6993,81.25,25.586,28.32,True
53,D_ControlNet,500,34.792,15.775,0.7203,78.516,24.219,27.539,False
54,D_ControlNet,500,50.323,13.593,0.568,78.906,24.707,23.828,False
55,D_ControlNet,500,49.969,11.934,0.6345,87.5,27.148,26.562,False
56,D_ControlNet,500,19.614,11.579,0.6406,89.453,26.562,30.859,True
57,D_ControlNet,425,21.9,10.102,0.7993,85.938,25.977,29.688,True
59,D_ControlNet,500,27.598,9.674,0.7772,75.391,26.367,28.711,True
6,D_ControlNet,498,23.332,12.084,0.6725,70.312,28.711,28.516,True
61,D_ControlNet,500,30.472,9.1,0.7743,77.344,27.344,26.758,False
62,D_ControlNet,500,22.733,12.141,0.5701,82.812,26.172,29.102,True
64,D_ControlNet,500,23.804,11.07,0.6431,57.031,23.438,29.102,True
65,D_ControlNet,500,21.329,10.22,0.6792,89.453,27.93,29.492,True
66,D_ControlNet,499,14.544,7.99,0.7793,72.656,25.195,26.758,False
67,D_ControlNet,500,18.543,11.088,0.8615,85.547,24.609,31.25,True
68,D_ControlNet,441,39.111,9.262,0.7636,85.547,27.539,29.688,True
69,D_ControlNet,500,26.597,9.166,0.7901,83.594,23.926,26.758,False
7,D_ControlNet,500,18.007,9.182,0.6768,76.172,24.121,27.93,False
70,D_ControlNet,500,30.69,9.37,0.6949,78.906,21.094,28.32,True
72,D_ControlNet,500,39.009,14.791,0.5403,87.891,26.953,29.297,True
73,D_ControlNet,500,26.413,12.84,0.5842,74.219,23.242,25.0,False
74,D_ControlNet,500,23.495,12.476,0.6537,66.797,22.461,28.516,True
75,D_ControlNet,500,28.108,10.177,0.7029,89.844,23.34,24.805,False
76,D_ControlNet,500,38.024,12.737,0.7107,75.781,26.758,30.469,True
77,D_ControlNet,500,27.479,10.825,0.6354,82.812,26.758,31.25,True
78,D_ControlNet,500,20.367,10.996,0.7522,82.031,25.195,30.273,True
8,D_ControlNet,500,20.433,9.818,0.7057,83.594,27.93,32.812,True
80,D_ControlNet,500,37.513,12.293,0.6272,73.828,24.805,30.469,True
82,D_ControlNet,487,19.078,12.509,0.6923,74.609,25.0,22.949,False
84,D_ControlNet,500,26.389,8.989,0.7388,79.688,25.781,36.914,True
85,D_ControlNet,500,23.64,11.046,0.6673,79.688,24.121,29.883,True
86,D_ControlNet,500,23.955,10.983,0.7587,78.906,23.242,24.023,False
87,D_ControlNet,437,16.013,10.781,0.7193,88.672,27.734,30.469,True
88,D_ControlNet,411,34.083,10.526,0.6778,82.422,21.191,24.902,False
9,D_ControlNet,500,31.931,10.109,0.6873,76.562,21.875,21.191,False
92,D_ControlNet,500,24.884,9.711,0.8405,73.438,29.492,35.742,True
93,D_ControlNet,500,20.804,11.375,0.6361,67.969,22.949,20.508,False
95,D_ControlNet,500,22.167,9.767,0.7904,81.641,25.0,31.445,True
96,D_ControlNet,487,19.078,12.509,0.6923,74.609,25.0,22.949,False
97,D_ControlNet,500,28.253,9.625,0.7371,68.75,25.977,33.789,True
99,D_ControlNet,380,26.009,9.972,0.847,87.5,26.758,30.859,True
w_1,D_ControlNet,500,31.62,15.59,0.4513,80.078,29.297,31.445,True
w_10,D_ControlNet,338,32.398,10.75,0.4999,75.391,28.516,28.516,True
w_100,D_ControlNet,499,30.848,11.047,0.4935,75.0,24.219,24.414,False
w_11,D_ControlNet,500,43.812,12.735,0.5391,67.188,25.977,29.492,True
w_12,D_ControlNet,500,21.431,8.589,0.5396,76.953,24.316,28.32,True
w_13,D_ControlNet,500,49.95,15.9,0.5175,64.062,21.289,27.93,False
w_14,D_ControlNet,500,41.327,15.23,0.5014,60.938,24.219,25.977,False
w_15,D_ControlNet,500,49.424,14.06,0.4966,71.094,20.41,28.125,True
w_16,D_ControlNet,500,14.661,9.575,0.5862,60.938,27.148,27.93,False
w_17,D_ControlNet,500,34.826,12.629,0.6473,53.906,19.727,28.516,True
w_18,D_ControlNet,500,29.053,11.901,0.5926,62.891,26.562,30.469,True
w_19,D_ControlNet,500,17.686,10.664,0.6203,73.828,20.703,26.953,False
w_2,D_ControlNet,499,36.103,12.071,0.4889,71.094,26.562,30.273,True
w_20,D_ControlNet,459,46.71,11.978,0.6829,64.844,19.629,26.367,False
w_21,D_ControlNet,500,32.935,10.33,0.4753,68.75,22.852,28.125,True
w_22,D_ControlNet,500,16.074,8.553,0.7118,74.219,20.215,24.121,False
w_23,D_ControlNet,500,22.12,10.486,0.5948,70.312,24.414,30.078,True
w_24,D_ControlNet,500,39.153,12.069,0.5549,66.797,25.781,25.195,False
w_25,D_ControlNet,500,17.946,10.442,0.6055,89.453,24.023,25.977,False
w_26,D_ControlNet,500,43.543,13.542,0.3447,88.281,24.316,23.73,False
w_27,D_ControlNet,500,43.325,12.204,0.5357,72.656,24.219,25.391,False
w_28,D_ControlNet,499,34.671,10.091,0.6166,75.391,28.516,29.102,True
w_29,D_ControlNet,500,33.923,11.032,0.436,85.938,23.438,22.07,False
w_3,D_ControlNet,500,21.034,11.044,0.6948,66.406,21.094,20.801,False
w_30,D_ControlNet,500,39.797,7.815,0.5795,66.016,19.922,26.758,False
w_31,D_ControlNet,500,22.716,11.522,0.7207,71.875,24.121,31.055,True
w_32,D_ControlNet,500,41.438,7.879,0.6258,67.969,24.316,25.391,False
w_33,D_ControlNet,500,30.286,13.197,0.6762,60.547,23.73,21.094,False
w_34,D_ControlNet,376,29.094,14.718,0.5434,66.797,23.633,28.906,True
w_35,D_ControlNet,500,24.924,10.402,0.6492,55.859,24.902,23.926,False
w_36,D_ControlNet,499,10.235,10.93,0.5963,65.625,23.73,25.586,False
w_37,D_ControlNet,500,20.417,10.092,0.6842,57.812,22.852,25.195,False
w_38,D_ControlNet,500,21.944,7.369,0.5787,74.219,28.906,26.758,False
w_39,D_ControlNet,479,46.924,13.522,0.4404,67.188,22.461,28.125,True
w_4,D_ControlNet,500,30.602,12.675,0.5191,73.047,24.219,27.93,False
w_40,D_ControlNet,500,43.674,10.27,0.5622,66.797,19.824,23.047,False
w_41,D_ControlNet,500,41.036,10.707,0.4684,90.625,27.539,26.367,False
w_42,D_ControlNet,500,16.804,10.552,0.4383,71.484,24.805,27.148,False
w_43,D_ControlNet,500,21.861,12.124,0.5896,76.172,24.902,28.32,True
w_44,D_ControlNet,500,21.848,11.011,0.569,64.062,21.777,24.023,False
w_45,D_ControlNet,500,27.426,14.106,0.6267,66.406,27.148,31.445,True
w_46,D_ControlNet,494,20.818,13.021,0.6572,70.312,24.121,25.0,False
w_47,D_ControlNet,500,21.699,10.712,0.6501,51.172,24.512,27.734,False
w_48,D_ControlNet,465,38.832,13.906,0.5552,66.797,22.363,26.367,False
w_49,D_ControlNet,500,36.52,12.136,0.6224,67.969,25.0,27.734,False
w_5,D_ControlNet,499,37.273,7.153,0.6295,67.578,23.242,28.906,True
w_50,D_ControlNet,500,31.131,13.644,0.5255,75.781,22.656,27.734,False
w_51,D_ControlNet,500,37.592,12.789,0.5662,53.906,20.801,24.219,False
w_52,D_ControlNet,500,25.536,7.699,0.7302,51.172,24.512,25.0,False
w_53,D_ControlNet,428,24.935,10.272,0.5862,68.75,26.953,23.242,False
w_54,D_ControlNet,311,24.071,10.376,0.6171,71.484,21.973,23.633,False
w_55,D_ControlNet,500,31.566,8.982,0.6484,71.875,32.227,30.469,True
w_56,D_ControlNet,500,21.552,11.132,0.6376,74.219,27.539,29.297,True
w_57,D_ControlNet,500,42.264,13.631,0.6317,50.781,25.0,23.242,False
w_58,D_ControlNet,500,42.839,13.982,0.5915,78.516,20.117,22.754,False
w_59,D_ControlNet,493,11.846,10.473,0.65,71.094,24.023,31.836,True
w_6,D_ControlNet,500,42.926,12.222,0.6187,72.266,27.148,27.539,False
w_60,D_ControlNet,500,36.556,10.332,0.5123,70.703,27.734,23.438,False
w_61,D_ControlNet,500,28.969,11.943,0.6029,73.438,23.145,21.875,False
w_62,D_ControlNet,499,22.745,14.001,0.5769,72.656,22.754,25.781,False
w_63,D_ControlNet,500,21.005,9.665,0.6306,70.703,20.996,25.0,False
w_64,D_ControlNet,500,17.135,12.047,0.6368,67.578,22.266,18.164,False
w_65,D_ControlNet,453,37.43,12.06,0.4946,63.281,22.461,27.734,False
w_66,D_ControlNet,499,40.06,14.878,0.4494,49.609,17.285,27.93,False
w_67,D_ControlNet,500,18.157,12.58,0.6203,71.875,23.828,28.32,True
w_68,D_ControlNet,499,20.096,10.285,0.4692,63.672,26.758,23.73,False
w_69,D_ControlNet,500,20.166,12.397,0.6345,89.062,24.902,26.172,False
w_7,D_ControlNet,500,36.444,12.15,0.5523,64.844,21.777,27.734,False
w_70,D_ControlNet,500,37.309,14.33,0.445,77.734,27.539,29.492,True
w_71,D_ControlNet,500,49.629,13.303,0.5104,67.969,26.172,26.758,False
w_72,D_ControlNet,500,21.191,13.682,0.6553,80.859,22.559,26.367,False
w_73,D_ControlNet,499,38.077,12.334,0.407,63.281,24.512,27.93,False
w_74,D_ControlNet,500,28.245,13.008,0.5236,74.219,19.629,24.219,False
w_75,D_ControlNet,500,21.073,6.884,0.5128,73.438,26.172,24.121,False
w_76,D_ControlNet,500,53.038,12.245,0.5665,80.078,22.949,24.219,False
w_77,D_ControlNet,500,26.811,13.266,0.5147,65.234,23.047,30.469,True
w_78,D_ControlNet,500,18.56,10.071,0.5481,64.062,25.977,23.438,False
w_79,D_ControlNet,500,30.073,13.089,0.55,63.281,19.531,29.688,True
w_8,D_ControlNet,373,17.624,11.781,0.5531,90.625,31.25,31.836,True
w_80,D_ControlNet,500,11.545,10.56,0.4991,76.172,22.363,26.758,False
w_81,D_ControlNet,500,11.545,10.56,0.4991,76.172,22.363,26.758,False
w_82,D_ControlNet,500,13.801,8.707,0.4412,66.406,26.953,30.078,True
w_83,D_ControlNet,499,43.315,12.602,0.523,78.906,22.754,29.102,True
w_84,D_ControlNet,500,26.534,12.955,0.4808,76.953,25.586,28.125,True
w_85,D_ControlNet,500,26.305,9.016,0.5577,71.875,23.047,24.219,False
w_86,D_ControlNet,500,32.948,12.503,0.5722,56.641,23.535,30.469,True
w_87,D_ControlNet,500,22.715,10.425,0.6014,66.797,23.34,30.664,True
w_88,D_ControlNet,500,31.475,10.308,0.6137,57.031,21.582,24.902,False
w_89,D_ControlNet,500,41.518,12.834,0.5322,67.188,23.633,24.805,False
w_9,D_ControlNet,499,33.046,14.393,0.5247,73.047,19.824,25.391,False
w_90,D_ControlNet,500,26.66,11.654,0.5326,84.766,25.586,26.172,False
w_91,D_ControlNet,500,18.189,9.833,0.5884,50.781,21.484,26.172,False
w_92,D_ControlNet,500,51.388,12.314,0.6391,70.312,29.492,29.492,True
w_93,D_ControlNet,500,16.582,9.595,0.6622,80.469,22.461,26.562,False
w_94,D_ControlNet,500,24.858,10.613,0.5412,74.609,26.562,23.73,False
w_95,D_ControlNet,500,52.679,11.412,0.5301,75.0,21.387,24.414,False
w_96,D_ControlNet,492,20.572,12.257,0.4722,79.297,22.266,19.824,False
w_97,D_ControlNet,500,46.53,10.063,0.618,75.391,23.34,25.195,False
w_98,D_ControlNet,500,37.317,13.616,0.5227,51.562,22.852,30.078,True
w_99,D_ControlNet,500,26.554,13.574,0.5476,62.5,21.68,18.164,False
